"Time","Events","ExG1","ExG2","ExG3"
0:00:30.003,,-13977.4642,7452.0163,6525.5908
0:00:30.005,,-14102.3032,7245.8103,6856.6358
0:00:30.007,,-14061.3337,7226.2908,6835.0428
0:00:30.009,,-14009.3532,7300.2933,6709.1313
0:00:30.011,,-14096.5832,7236.5153,6860.2108
0:00:30.013,,-14154.1407,7186.6798,6967.6038
0:00:30.015,,-14169.5847,7160.7968,7008.7878
0:00:30.017,,-14098.7997,7226.9343,6871.7938
0:00:30.019,,-13885.0861,7429.7083,6455.2348
0:00:30.021,,-13842.0431,7467.4603,6374.5828
0:00:30.023,,-13956.4432,7298.5773,6658.0088
0:00:30.025,,-13933.7062,7308.0153,6625.7623
0:00:30.027,,-14001.1307,7282.7758,6718.4263
0:00:30.029,,-13936.8522,7356.9928,6580.0023
0:00:30.031,,-13941.2852,7392.4568,6548.8998
0:00:30.033,,-14208.9097,7157.7938,7051.2588
0:00:30.035,,-14364.5652,6993.1293,7371.5788
0:00:30.037,,-14381.5107,6952.8748,7428.4928
0:00:30.039,,-14170.7287,7148.9278,7021.6578
0:00:30.041,,-13980.0382,7336.1148,6644.0663
0:00:30.042,,-13818.7341,7427.9923,6390.7418
0:00:30.044,,-13842.5436,7364.9293,6477.7573
0:00:30.046,,-13923.9822,7294.1443,6629.8378
0:00:30.048,,-14016.1457,7233.6553,6782.4903
0:00:30.050,,-14051.8242,7235.0138,6816.8103
0:00:30.052,,-14201.4737,7122.4013,7079.1438
0:00:30.054,,-14163.2927,7174.3818,6989.0538
0:00:30.056,,-14003.6332,7312.8058,6690.8273
0:00:30.058,,-13891.3066,7369.5768,6521.7298
0:00:30.060,,-13921.1936,7337.4018,6583.7918
0:00:30.062,,-13982.6837,7285.9933,6696.8333
0:00:30.064,,-14018.0047,7239.7328,6778.3433
0:00:30.066,,-14049.9652,7193.9013,6856.1353
0:00:30.068,,-13861.7056,7413.1203,6448.7283
0:00:30.070,,-13966.5962,7324.6748,6641.9213
0:00:30.072,,-14121.8227,7170.0203,6951.9453
0:00:30.074,,-14068.4122,7275.4113,6793.1438
0:00:30.076,,-13998.1992,7337.3303,6660.7258
0:00:30.078,,-13994.6957,7349.8428,6644.8528
0:00:30.080,,-13835.5366,7509.4309,6326.1058
0:00:30.082,,-13819.5206,7515.0079,6304.5843
0:00:30.083,,-13902.4606,7436.0718,6466.3888
0:00:30.085,,-13981.3967,7348.9133,6632.6263
0:00:30.087,,-14014.0007,7332.9688,6681.0318
0:00:30.089,,-14084.8572,7291.2843,6793.7158
0:00:30.091,,-14224.7827,7169.0193,7055.8348
0:00:30.093,,-14253.2397,7122.0438,7131.2673
0:00:30.095,,-14155.5707,7281.4173,6874.2248
0:00:30.097,,-14078.0647,7358.4943,6719.4988
0:00:30.099,,-14053.8977,7415.3368,6638.4893
0:00:30.101,,-14174.5182,7274.5533,6900.0363
0:00:30.103,,-14108.6667,7232.0108,6876.7988
0:00:30.105,,-14090.5772,7247.0258,6843.5513
0:00:30.107,,-14044.3167,7307.0143,6737.4453
0:00:30.109,,-14047.2482,7355.4913,6691.8283
0:00:30.111,,-13869.7851,7536.7439,6333.0413
0:00:30.113,,-13823.0956,7585.2209,6238.0178
0:00:30.115,,-13957.7302,7478.9718,6478.7583
0:00:30.117,,-14051.2522,7382.3753,6668.7338
0:00:30.119,,-14302.5747,7107.3863,7195.0453
0:00:30.121,,-14399.8147,6994.0588,7405.8988
0:00:30.123,,-14226.4987,7129.7658,7096.8043
0:00:30.125,,-14178.0932,7142.9933,7035.0998
0:00:30.126,,-14099.5862,7249.3853,6850.2008
0:00:30.128,,-13955.1562,7426.2048,6528.9513
0:00:30.130,,-14052.4677,7365.7873,6686.6803
0:00:30.132,,-14314.3722,7077.1418,7237.3733
0:00:30.134,,-14289.4187,7111.2473,7178.1713
0:00:30.136,,-14086.0012,7325.9618,6759.8963
0:00:30.138,,-13985.9727,7412.4768,6573.4958
0:00:30.140,,-13844.5456,7525.0894,6319.4563
0:00:30.142,,-14014.5727,7341.4773,6673.0953
0:00:30.144,,-14186.1727,7168.8763,7017.3678
0:00:30.146,,-14097.5842,7258.1083,6839.6188
0:00:30.148,,-14144.7742,7233.9413,6910.9758
0:00:30.150,,-14345.9752,7041.0343,7305.0123
0:00:30.152,,-14123.8247,7275.2683,6848.5563
0:00:30.154,,-13837.6101,7560.6964,6277.0568
0:00:30.156,,-13827.6001,7593.9439,6233.6563
0:00:30.158,,-13942.7867,7483.0473,6459.7393
0:00:30.160,,-13963.1642,7455.3768,6507.7158
0:00:30.162,,-13950.2942,7453.7323,6496.5618
0:00:30.164,,-14025.6552,7322.7443,6703.0538
0:00:30.166,,-14127.2567,7175.4543,6951.8023
0:00:30.167,,-14310.8687,7018.8693,7292.0708
0:00:30.169,,-14226.5702,7184.4633,7042.1783
0:00:30.171,,-14179.7377,7241.3773,6938.5033
0:00:30.173,,-14263.1067,7181.3173,7081.9323
0:00:30.175,,-14247.4482,7226.0048,7021.4433
0:00:30.177,,-14366.9962,7063.9143,7303.0818
0:00:30.179,,-14322.5947,7040.1048,7282.4898
0:00:30.181,,-14247.0192,7076.2123,7170.8068
0:00:30.183,,-14232.8622,7080.9313,7151.9308
0:00:30.185,,-14089.4332,7275.3398,6814.1648
0:00:30.187,,-13971.6012,7400.5363,6571.2078
0:00:30.189,,-13911.4696,7475.7543,6435.7868
0:00:30.191,,-13910.1826,7508.2154,6402.0388
0:00:30.193,,-14140.2697,7260.1103,6880.2308
0:00:30.195,,-14201.4022,7164.4433,7037.1018
0:00:30.197,,-14175.8052,7162.1553,7013.5783
0:00:30.199,,-14046.0327,7247.4548,6798.4348
0:00:30.201,,-13915.8311,7310.3033,6605.6708
0:00:30.203,,-13924.9832,7264.4718,6660.6543
0:00:30.205,,-13812.7996,7368.0753,6444.7243
0:00:30.207,,-13742.5151,7442.4353,6300.0798
0:00:30.208,,-13776.2631,7407.9008,6368.4338
0:00:30.210,,-14043.5302,7164.9438,6878.7293
0:00:30.212,,-14240.0122,7024.9468,7215.1368
0:00:30.214,,-14293.7802,7002.5673,7291.2128
0:00:30.216,,-14137.1952,7170.7353,6966.4598
0:00:30.218,,-13976.5347,7285.2783,6691.1133
0:00:30.220,,-13864.7801,7402.1808,6462.6708
0:00:30.222,,-13769.3991,7525.3754,6244.0238
0:00:30.224,,-13662.2206,7597.9479,6064.3443
0:00:30.226,,-13688.2466,7508.3584,6180.0313
0:00:30.228,,-13661.1481,7469.6053,6191.5428
0:00:30.230,,-13620.0356,7519.3694,6100.7378
0:00:30.232,,-13780.0526,7572.7084,6207.3443
0:00:30.234,,-13955.0847,7675.2394,6279.9883
0:00:30.236,,-14061.0477,7740.9479,6319.9568
0:00:30.238,,-14043.1012,7798.2194,6244.8818
0:00:30.240,,-13874.2181,7876.5119,5997.6348
0:00:30.242,,-13841.1136,7800.0069,6041.1068
0:00:30.244,,-13864.9231,7740.5904,6124.4043
0:00:30.246,,-14116.3887,7560.4819,6556.0498
0:00:30.248,,-14418.2617,7367.5748,7050.6868
0:00:30.250,,-14456.2282,7446.5823,7009.6458
0:00:30.251,,-14443.0007,7567.9179,6875.0828
0:00:30.253,,-14398.2417,7607.5289,6790.8558
0:00:30.255,,-14307.0077,7645.2809,6661.8698
0:00:30.257,,-14223.2097,7672.3794,6550.8303
0:00:30.259,,-14171.5152,7666.5879,6504.9273
0:00:30.261,,-14255.3132,7522.5869,6732.7978
0:00:30.263,,-14282.6262,7443.9368,6838.6893
0:00:30.265,,-14277.8357,7410.7608,6867.2178
0:00:30.267,,-14181.0247,7425.2038,6755.8208
0:00:30.269,,-14103.9477,7477.9708,6625.9768
0:00:30.271,,-14093.8662,7468.4613,6625.4048
0:00:30.273,,-14132.8337,7473.6808,6659.2243
0:00:30.275,,-14145.2747,7471.3213,6673.9533
0:00:30.277,,-14108.6667,7434.4273,6674.1678
0:00:30.279,,-14031.4467,7402.2523,6629.1943
0:00:30.281,,-14003.2042,7405.3983,6597.8058
0:00:30.283,,-14009.9252,7385.3068,6624.6183
0:00:30.285,,-13984.3997,7402.3238,6582.2188
0:00:30.287,,-14058.8312,7303.9398,6754.8913
0:00:30.289,,-14031.6612,7310.5893,6721.1433
0:00:30.291,,-14073.2027,7295.0738,6778.2718
0:00:30.292,,-14199.0427,7180.1018,7019.0838
0:00:30.294,,-14140.1267,7277.7708,6862.3558
0:00:30.296,,-14045.1747,7383.3048,6661.8698
0:00:30.298,,-14040.5272,7358.0653,6682.4618
0:00:30.300,,-14136.5517,7212.7058,6923.9888
0:00:30.302,,-14215.1302,7117.5393,7097.7338
0:00:30.304,,-14175.7337,7182.8903,6992.9863
0:00:30.306,,-14100.8732,7263.8998,6837.1163
0:00:30.308,,-14086.6447,7239.8758,6846.8403
0:00:30.310,,-14115.3877,7235.2998,6880.1593
0:00:30.312,,-14130.6887,7263.5423,6867.2178
0:00:30.314,,-14105.9497,7323.8168,6782.1328
0:00:30.316,,-14112.8852,7313.4493,6799.2928
0:00:30.318,,-14129.2587,7262.2553,6866.9318
0:00:30.320,,-14140.3412,7223.6453,6916.8388
0:00:30.322,,-14056.7577,7303.7253,6753.1038
0:00:30.324,,-13944.1452,7421.7718,6522.5163
0:00:30.326,,-13973.6747,7368.3613,6605.4563
0:00:30.328,,-14087.7887,7239.0178,6848.7708
0:00:30.330,,-14106.1642,7227.2918,6878.8723
0:00:30.332,,-14096.1542,7280.6308,6815.6663
0:00:30.333,,-14059.0457,7386.3793,6672.7378
0:00:30.335,,-13979.1087,7487.4088,6491.6998
0:00:30.337,,-13951.8672,7490.4833,6461.3123
0:00:30.339,,-14004.6342,7363.2848,6641.3493
0:00:30.341,,-13990.6202,7310.2318,6680.3883
0:00:30.343,,-13971.5297,7334.3988,6637.2738
0:00:30.345,,-14008.0662,7341.1198,6667.0893
0:00:30.347,,-14035.0932,7356.5638,6678.6008
0:00:30.349,,-14046.1757,7367.7893,6678.4578
0:00:30.351,,-13954.7987,7409.6168,6545.3248
0:00:30.353,,-13897.2411,7442.1493,6455.0918
0:00:30.355,,-13962.3062,7430.2088,6532.1688
0:00:30.357,,-14067.9832,7322.4583,6745.4533
0:00:30.359,,-14153.4972,7217.0673,6936.4298
0:00:30.361,,-14051.7527,7293.5008,6758.2518
0:00:30.363,,-13936.6377,7401.5373,6535.1003
0:00:30.365,,-13929.0587,7404.3258,6524.8758
0:00:30.367,,-13954.6557,7361.2828,6593.3728
0:00:30.369,,-13968.3122,7355.7773,6612.6063
0:00:30.371,,-14014.5012,7334.5418,6680.1023
0:00:30.373,,-14094.5812,7265.3298,6829.3943
0:00:30.375,,-14226.2842,7154.2903,7071.9938
0:00:30.376,,-14232.2902,7158.2228,7074.0673
0:00:30.378,,-14225.3547,7116.5383,7108.8163
0:00:30.380,,-14122.0372,7205.0553,6917.0533
0:00:30.382,,-13997.6987,7328.3928,6669.3058
0:00:30.384,,-13861.3481,7470.4633,6391.0278
0:00:30.386,,-13883.2986,7418.3398,6465.1018
0:00:30.388,,-13930.0597,7386.1648,6543.9663
0:00:30.390,,-14053.8262,7293.5008,6760.4683
0:00:30.392,,-14045.6037,7323.9598,6721.7153
0:00:30.394,,-14115.4592,7288.2813,6827.1778
0:00:30.396,,-13967.3827,7421.9148,6545.4678
0:00:30.398,,-13806.5791,7559.6954,6246.8838
0:00:30.400,,-13706.9081,7619.6124,6087.2243
0:00:30.402,,-13769.9711,7525.8759,6244.0953
0:00:30.404,,-13842.4721,7429.8513,6412.7638
0:00:30.406,,-13954.2267,7305.5128,6648.8568
0:00:30.408,,-14059.4747,7231.2958,6828.3218
0:00:30.410,,-14092.6507,7218.8548,6873.8673
0:00:30.412,,-14014.2152,7330.6808,6683.5343
0:00:30.414,,-13936.4232,7390.5978,6545.8253
0:00:30.416,,-13892.5221,7391.9563,6500.4228
0:00:30.417,,-13827.6001,7450.3003,6377.2283
0:00:30.419,,-13844.4741,7435.4283,6408.9743
0:00:30.421,,-13830.4601,7432.0678,6398.4638
0:00:30.423,,-13788.5611,7464.7433,6323.9608
0:00:30.425,,-13789.1331,7432.3538,6356.8508
0:00:30.427,,-13801.8601,7439.2178,6362.7853
0:00:30.429,,-13736.6521,7542.9644,6193.7593
0:00:30.431,,-13839.1116,7421.6288,6417.6258
0:00:30.433,,-14029.8022,7224.7178,6805.1558
0:00:30.435,,-14014.5012,7296.5038,6718.1403
0:00:30.437,,-13994.8387,7290.2118,6704.6268
0:00:30.439,,-14030.5172,7180.1733,6850.2008
0:00:30.441,,-13966.5247,7232.5828,6734.0848
0:00:30.443,,-13829.2446,7371.8648,6457.5228
0:00:30.445,,-13678.0221,7493.6293,6184.3928
0:00:30.447,,-13668.1551,7503.2104,6165.0163
0:00:30.449,,-14039.7407,7178.3143,6861.4263
0:00:30.451,,-14173.8032,7069.1338,7104.8123
0:00:30.453,,-13952.9397,7314.2358,6638.7753
0:00:30.455,,-13889.7336,7405.3268,6484.5498
0:00:30.457,,-13848.6211,7451.9448,6396.6048
0:00:30.458,,-13897.0981,7392.5998,6504.3553
0:00:30.460,,-13974.4612,7272.5513,6702.0528
0:00:30.462,,-13936.4947,7291.9278,6644.6383
0:00:30.464,,-13812.8711,7411.0468,6401.9673
0:00:30.466,,-13793.9951,7425.8473,6368.1478
0:00:30.468,,-13836.5376,7414.4788,6422.2018
0:00:30.470,,-13993.4087,7304.2258,6689.3258
0:00:30.472,,-13992.6937,7341.1913,6651.5023
0:00:30.474,,-13947.9347,7389.9543,6557.9803
0:00:30.476,,-13838.1821,7497.6334,6340.4773
0:00:30.478,,-13840.1841,7463.5278,6376.5848
0:00:30.480,,-13860.2756,7451.8018,6408.4738
0:00:30.482,,-13861.8486,7432.0678,6429.8523
0:00:30.484,,-13865.3521,7406.8283,6458.6668
0:00:30.486,,-13923.9822,7352.2023,6571.9228
0:00:30.488,,-13990.9777,7285.9933,6705.1273
0:00:30.490,,-14075.6337,7225.2898,6850.4153
0:00:30.492,,-14106.1642,7241.1628,6865.0013
0:00:30.494,,-14044.0307,7325.8188,6718.2118
0:00:30.496,,-13920.6216,7453.3748,6467.1753
0:00:30.498,,-13922.9096,7458.7373,6464.1723
0:00:30.500,,-13891.7356,7515.8659,6375.7268
0:00:30.501,,-13932.6337,7434.9278,6497.7773
0:00:30.503,,-14028.1577,7300.0073,6728.2218
0:00:30.505,,-13976.8207,7329.6083,6647.3553
0:00:30.507,,-13858.8456,7463.2418,6395.6753
0:00:30.509,,-13894.6671,7400.1073,6494.7028
0:00:30.511,,-13915.2591,7433.8553,6481.4038
0:00:30.513,,-14038.1677,7355.3483,6682.9623
0:00:30.515,,-14093.8662,7307.3003,6786.6373
0:00:30.517,,-14134.6927,7271.1928,6863.4283
0:00:30.519,,-14162.3632,7240.2333,6921.9868
0:00:30.521,,-14089.7907,7284.2773,6805.5848
0:00:30.523,,-13975.9627,7382.5183,6593.4443
0:00:30.525,,-13839.2546,7499.0634,6340.2628
0:00:30.527,,-13788.3466,7569.1334,6219.2133
0:00:30.529,,-13925.7697,7448.4413,6477.3283
0:00:30.531,,-14013.1427,7332.2538,6681.0318
0:00:30.533,,-14222.4947,7147.2833,7075.3543
0:00:30.535,,-14306.2927,7074.9253,7231.4388
0:00:30.537,,-14181.2392,7237.8023,6943.4368
0:00:30.539,,-14095.6537,7301.2943,6794.2163
0:00:30.541,,-14058.9027,7295.6458,6763.3998
0:00:30.542,,-14008.9242,7298.9348,6710.0608
0:00:30.544,,-13942.5722,7369.4338,6573.2813
0:00:30.546,,-13905.1776,7422.4868,6482.8338
0:00:30.548,,-13921.4081,7430.7808,6490.6273
0:00:30.550,,-13935.9227,7434.4988,6501.5668
0:00:30.552,,-13931.9902,7478.0423,6454.0193
0:00:30.554,,-13952.0102,7485.1923,6466.9608
0:00:30.556,,-13944.8602,7483.5478,6461.1693
0:00:30.558,,-14027.1567,7403.5393,6623.6173
0:00:30.560,,-14003.5617,7414.9078,6588.7968
0:00:30.562,,-13914.3296,7482.7613,6431.6398
0:00:30.564,,-13900.9591,7467.5318,6433.4273
0:00:30.566,,-13936.1372,7442.3638,6493.7733
0:00:30.568,,-14077.2782,7346.1963,6731.2248
0:00:30.570,,-13979.0372,7458.5228,6520.5858
0:00:30.572,,-13842.7581,7574.7819,6267.9763
0:00:30.574,,-13906.9651,7510.5749,6396.4618
0:00:30.576,,-14100.8017,7312.6628,6788.0673
0:00:30.578,,-14196.6832,7208.8448,6987.7668
0:00:30.580,,-14262.3202,7148.7848,7113.3923
0:00:30.582,,-14211.4122,7176.4553,7034.9568
0:00:30.583,,-14120.9647,7288.4243,6832.6118
0:00:30.585,,-14048.8927,7335.9718,6712.9208
0:00:30.587,,-14051.3952,7280.1303,6771.2648
0:00:30.589,,-14057.1152,7322.6013,6734.5853
0:00:30.591,,-14039.8122,7400.5363,6639.3473
0:00:30.593,,-13897.7416,7572.6369,6325.1048
0:00:30.595,,-13884.5856,7563.2704,6321.4583
0:00:30.597,,-13801.4311,7634.6274,6166.6608
0:00:30.599,,-13826.5991,7595.9459,6230.5103
0:00:30.601,,-14088.2892,7331.3243,6757.0363
0:00:30.603,,-14272.4017,7112.8918,7159.5098
0:00:30.605,,-14170.7287,7184.4633,6986.3368
0:00:30.607,,-14067.8402,7308.8018,6759.1813
0:00:30.609,,-14021.7942,7373.5093,6648.3563
0:00:30.611,,-14006.3502,7390.6693,6615.7523
0:00:30.613,,-13970.6002,7450.4433,6520.2283
0:00:30.615,,-14016.8607,7429.7083,6587.2953
0:00:30.617,,-14087.5742,7347.7693,6739.7333
0:00:30.619,,-14056.3287,7386.1648,6670.1638
0:00:30.621,,-13895.3106,7542.4639,6352.8468
0:00:30.623,,-13872.6451,7527.5204,6345.2678
0:00:30.625,,-13897.3841,7461.3113,6436.1443
0:00:30.626,,-14012.7852,7338.5458,6674.3823
0:00:30.628,,-14014.3582,7350.7008,6663.7288
0:00:30.630,,-13913.9721,7477.4703,6436.6448
0:00:30.632,,-13916.9751,7503.7824,6413.3358
0:00:30.634,,-14070.1997,7352.5598,6717.7828
0:00:30.636,,-14150.5657,7287.2088,6863.2138
0:00:30.638,,-14118.3907,7329.0363,6789.2113
0:00:30.640,,-14051.3237,7356.0633,6695.2603
0:00:30.642,,-14013.7147,7326.9628,6686.8948
0:00:30.644,,-13986.6877,7341.3343,6645.4963
0:00:30.646,,-13932.0617,7435.8573,6496.3473
0:00:30.648,,-13907.9661,7482.5468,6425.5623
0:00:30.650,,-13855.2706,7532.7399,6322.5308
0:00:30.652,,-13878.7226,7513.5064,6365.2878
0:00:30.654,,-13823.6676,7560.5534,6263.1858
0:00:30.656,,-13824.0966,7570.9209,6253.1758
0:00:30.658,,-14001.7742,7383.0188,6618.6838
0:00:30.660,,-14188.6037,7168.2328,7020.2993
0:00:30.662,,-14215.6307,7136.7013,7079.0723
0:00:30.664,,-14066.4817,7284.9923,6781.5608
0:00:30.666,,-13973.4602,7375.4398,6598.0203
0:00:30.667,,-13957.0867,7399.9643,6557.1938
0:00:30.669,,-14038.0962,7324.3173,6713.9218
0:00:30.671,,-14010.4257,7379.7298,6630.6958
0:00:30.673,,-14005.0632,7410.9038,6594.3023
0:00:30.675,,-14071.7727,7322.6728,6749.0998
0:00:30.677,,-14082.7122,7309.1593,6773.4098
0:00:30.679,,-14146.1327,7238.3743,6907.6868
0:00:30.681,,-14016.8607,7346.4823,6670.4498
0:00:30.683,,-13858.2736,7450.8008,6407.6158
0:00:30.685,,-13836.0371,7465.6728,6370.4358
0:00:30.687,,-13948.8642,7383.1618,6565.8453
0:00:30.689,,-13963.4502,7370.9353,6592.5148
0:00:30.691,,-13840.0411,7507.7864,6332.3263
0:00:30.693,,-13778.5511,7619.1834,6159.5108
0:00:30.695,,-13841.6856,7591.5844,6250.1013
0:00:30.697,,-13876.5061,7551.1154,6325.2478
0:00:30.699,,-13755.0276,7670.0199,6085.0078
0:00:30.701,,-13749.4506,7602.9529,6146.4978
0:00:30.703,,-13903.4616,7382.0178,6521.5153
0:00:30.705,,-13969.5277,7304.2258,6665.4448
0:00:30.707,,-13968.5982,7332.6113,6636.1298
0:00:30.708,,-13987.9032,7364.5003,6623.4743
0:00:30.710,,-14011.5697,7380.3018,6631.2678
0:00:30.712,,-14084.2137,7357.9223,6726.3628
0:00:30.714,,-14132.9052,7333.3978,6799.5073
0:00:30.716,,-14026.0842,7432.8543,6593.2298
0:00:30.718,,-13940.4272,7519.3694,6420.9148
0:00:30.720,,-13955.9427,7489.4823,6466.4603
0:00:30.722,,-13923.0526,7456.5923,6466.5318
0:00:30.724,,-13934.2782,7458.0938,6476.3273
0:00:30.726,,-13892.7366,7512.2194,6380.5888
0:00:30.728,,-13854.3411,7590.9409,6263.5433
0:00:30.730,,-13836.4661,7651.9304,6184.6788
0:00:30.732,,-14066.6247,7433.9268,6632.6978
0:00:30.734,,-14346.4042,7160.0103,7186.4653
0:00:30.736,,-14341.8997,7192.7573,7149.0708
0:00:30.738,,-14289.2042,7267.9753,7021.0858
0:00:30.740,,-14091.9357,7450.3718,6641.4923
0:00:30.742,,-13900.3156,7611.3899,6288.9973
0:00:30.744,,-13818.9486,7658.5799,6160.5118
0:00:30.746,,-13946.7907,7501.5659,6445.2963
0:00:30.748,,-14135.7652,7310.9468,6824.9613
0:00:30.750,,-14265.8952,7178.3858,7087.5808
0:00:30.751,,-14104.9487,7383.9483,6721.0718
0:00:30.753,,-14041.1707,7481.6173,6559.6963
0:00:30.755,,-14125.6122,7402.1808,6723.5028
0:00:30.757,,-14175.9482,7331.6818,6844.1948
0:00:30.759,,-14079.2802,7390.5978,6688.5393
0:00:30.761,,-14015.2877,7442.8643,6572.5663
0:00:30.763,,-14052.1102,7421.0568,6631.0533
0:00:30.765,,-14082.7837,7369.2908,6713.4928
0:00:30.767,,-13961.1622,7467.5318,6493.7733
0:00:30.769,,-13906.8221,7534.0269,6372.8668
0:00:30.771,,-13901.4596,7582.0034,6319.4563
0:00:30.773,,-13968.8842,7568.7759,6400.1083
0:00:30.775,,-14142.1287,7372.6513,6769.6203
0:00:30.777,,-14232.7192,7301.4373,6931.2818
0:00:30.779,,-14250.7372,7265.1868,6985.4788
0:00:30.781,,-14152.5677,7330.4663,6822.1728
0:00:30.783,,-13966.5247,7491.1268,6475.4693
0:00:30.785,,-13866.9251,7565.2724,6301.7958
0:00:30.787,,-13956.4432,7471.5358,6484.9788
0:00:30.789,,-14069.5562,7401.8233,6667.7328
0:00:30.791,,-14230.5027,7286.9228,6943.7228
0:00:30.792,,-14246.3757,7272.4798,6974.0388
0:00:30.794,,-14159.6462,7365.1438,6794.6453
0:00:30.796,,-14078.0647,7460.8823,6617.1108
0:00:30.798,,-13996.4832,7541.9634,6454.5198
0:00:30.800,,-13957.0867,7538.5314,6418.6983
0:00:30.802,,-14074.5612,7376.0118,6698.5493
0:00:30.804,,-14108.6667,7304.5833,6804.1548
0:00:30.806,,-14034.0922,7388.8103,6645.3533
0:00:30.808,,-14021.9372,7410.4748,6611.5338
0:00:30.810,,-14074.5612,7366.0018,6708.6308
0:00:30.812,,-14090.1482,7411.6903,6678.4578
0:00:30.814,,-14195.6822,7385.3068,6810.5183
0:00:30.816,,-14258.8882,7325.9618,6932.8548
0:00:30.818,,-14222.2802,7315.9518,6906.2568
0:00:30.820,,-14174.9472,7289.4253,6885.3788
0:00:30.822,,-14105.0202,7367.2888,6737.8028
0:00:30.824,,-14028.6582,7410.7608,6617.8973
0:00:30.826,,-14049.9652,7379.3723,6670.5928
0:00:30.828,,-13995.9112,7426.3478,6569.6348
0:00:30.830,,-13935.7797,7493.4148,6442.3648
0:00:30.832,,-13864.3511,7514.0069,6350.4873
0:00:30.833,,-13954.9417,7423.7738,6531.2393
0:00:30.835,,-14165.4377,7201.7663,6963.8143
0:00:30.837,,-14202.2602,7114.8223,7087.2948
0:00:30.839,,-14161.8627,7144.2803,7017.4393
0:00:30.841,,-14085.8582,7253.9613,6832.0398
0:00:30.843,,-14009.7107,7360.2818,6649.5718
0:00:30.845,,-13922.7666,7462.3123,6460.4543
0:00:30.847,,-13897.8131,7469.3193,6428.5653
0:00:30.849,,-13890.2341,7468.8188,6421.4153
0:00:30.851,,-13906.1071,7555.1909,6350.9163
0:00:30.853,,-13874.3611,7649.4279,6225.0048
0:00:30.855,,-13791.5641,7676.5979,6115.1093
0:00:30.857,,-13680.1671,7718.4969,5961.5273
0:00:30.859,,-13578.4941,7722.2864,5856.2078
0:00:30.861,,-13593.5091,7698.6199,5894.8893
0:00:30.863,,-13787.9891,7688.8959,6099.1648
0:00:30.865,,-14021.5082,7700.4074,6321.1008
0:00:30.867,,-14131.0462,7696.9754,6434.1423
0:00:30.869,,-14077.2782,7802.5094,6274.9118
0:00:30.871,,-14037.5242,7840.6189,6196.9053
0:00:30.873,,-14115.9597,7696.3319,6419.6278
0:00:30.875,,-14232.7907,7589.1534,6643.7803
0:00:30.876,,-14276.8347,7588.4384,6688.3248
0:00:30.878,,-14304.7197,7679.6724,6624.9043
0:00:30.880,,-14465.2372,7599.5209,6865.8593
0:00:30.882,,-14525.0827,7559.9099,6965.3158
0:00:30.884,,-14482.6117,7594.0869,6888.6678
0:00:30.886,,-14364.4937,7639.1319,6725.3618
0:00:30.888,,-14254.2407,7722.2149,6532.0973
0:00:30.890,,-14219.9207,7718.7829,6501.1378
0:00:30.892,,-14129.9737,7791.2124,6338.7613
0:00:30.894,,-14106.4502,7761.7544,6344.8388
0:00:30.896,,-14251.6667,7612.4624,6639.0613
0:00:30.898,,-14243.3012,7563.4849,6679.7448
0:00:30.900,,-14165.2947,7534.0984,6631.0533
0:00:30.902,,-14119.0342,7531.6674,6587.5098
0:00:30.904,,-14140.4127,7476.3978,6664.1578
0:00:30.906,,-14162.4347,7444.6518,6717.7828
0:00:30.908,,-14146.8477,7429.0648,6717.8543
0:00:30.910,,-14180.3812,7390.8838,6789.6403
0:00:30.912,,-14138.4822,7442.7928,6695.6893
0:00:30.914,,-14216.0597,7379.3008,6836.7588
0:00:30.916,,-14146.9192,7463.0273,6683.8918
0:00:30.917,,-13979.6092,7606.4564,6373.1528
0:00:30.919,,-13976.1772,7539.1034,6437.0023
0:00:30.921,,-14063.5502,7431.7103,6631.8398
0:00:30.923,,-14151.4237,7335.5428,6815.8808
0:00:30.925,,-14102.0172,7371.5788,6730.5098
0:00:30.927,,-14001.9887,7470.4633,6531.5968
0:00:30.929,,-14014.0007,7465.5298,6548.6138
0:00:30.931,,-14103.1612,7413.8353,6689.4688
0:00:30.933,,-14142.2002,7388.6673,6753.5328
0:00:30.935,,-14121.5367,7401.5373,6720.0708
0:00:30.937,,-14084.3567,7406.8283,6677.4568
0:00:30.939,,-14035.0217,7441.7918,6593.1583
0:00:30.941,,-13938.9972,7531.8819,6407.1153
0:00:30.943,,-13961.9487,7513.0774,6448.9428
0:00:30.945,,-14130.4027,7353.5608,6776.9133
0:00:30.947,,-14145.0602,7322.1008,6822.9593
0:00:30.949,,-14148.8497,7356.5638,6792.2858
0:00:30.951,,-14115.8882,7375.2253,6740.8058
0:00:30.953,,-14032.4477,7423.3448,6609.2458
0:00:30.955,,-14057.1152,7402.9673,6654.2193
0:00:30.957,,-14152.3532,7335.1853,6817.1678
0:00:30.958,,-14127.3282,7345.4813,6781.7038
0:00:30.960,,-14064.6227,7402.3953,6662.2273
0:00:30.962,,-14044.8172,7447.1543,6597.8058
0:00:30.964,,-14067.6257,7413.5493,6654.1478
0:00:30.966,,-14074.4897,7378.2998,6696.2613
0:00:30.968,,-14089.4332,7392.4568,6696.9763
0:00:30.970,,-14080.7817,7414.5503,6666.2313
0:00:30.972,,-14051.7527,7454.0183,6597.7343
0:00:30.974,,-14133.6202,7359.2093,6774.5538
0:00:30.976,,-14187.5312,7319.8128,6867.7183
0:00:30.978,,-14096.2972,7395.1738,6701.0518
0:00:30.980,,-13997.7702,7455.6628,6541.9643
0:00:30.982,,-13948.5782,7508.6444,6439.9338
0:00:30.984,,-13909.3246,7552.6884,6356.7793
0:00:30.986,,-13902.4606,7555.5484,6346.9123
0:00:30.988,,-13924.6257,7554.9049,6369.7923
0:00:30.990,,-13975.7482,7525.3039,6450.5158
0:00:30.992,,-14062.3347,7421.1283,6641.2063
0:00:30.994,,-14198.1847,7302.8673,6895.3888
0:00:30.996,,-14215.7737,7304.9408,6910.9758
0:00:30.998,,-14158.8597,7362.4983,6796.2898
0:00:31.000,,-14086.5017,7403.0388,6683.3198
0:00:31.001,,-14008.3522,7462.8843,6545.4678
0:00:31.003,,-14040.1697,7450.8723,6589.3688
0:00:31.005,,-13985.1862,7487.1228,6498.2063
0:00:31.007,,-13968.1692,7468.8188,6499.3503
0:00:31.009,,-14086.0012,7340.1903,6745.9538
0:00:31.011,,-14013.7862,7426.7053,6587.0808
0:00:31.013,,-13975.1762,7556.4779,6418.6983
0:00:31.015,,-14014.7872,7555.6914,6459.2388
0:00:31.017,,-14026.5132,7521.4429,6504.9273
0:00:31.019,,-14073.2027,7409.6883,6663.5143
0:00:31.021,,-14100.8017,7337.5448,6763.3998
0:00:31.023,,-14010.4972,7436.0718,6574.4253
0:00:31.025,,-13936.2087,7466.8168,6469.4633
0:00:31.027,,-13983.3272,7400.3933,6582.9338
0:00:31.029,,-14031.6612,7392.8858,6638.9183
0:00:31.031,,-14027.8717,7409.9028,6617.9688
0:00:31.033,,-14043.0297,7413.8353,6629.1943
0:00:31.035,,-14053.5402,7421.3428,6632.3403
0:00:31.037,,-14041.8142,7450.8008,6591.0133
0:00:31.039,,-14055.7567,7418.1253,6637.6313
0:00:31.041,,-14037.3097,7390.9553,6646.4258
0:00:31.042,,-13947.8632,7462.9558,6484.9073
0:00:31.044,,-13890.0911,7546.4679,6343.7663
0:00:31.046,,-13872.6451,7559.8384,6312.8068
0:00:31.048,,-13951.1522,7458.5943,6492.5578
0:00:31.050,,-14069.1987,7337.1873,6732.0113
0:00:31.052,,-14012.7852,7401.8948,6611.0333
0:00:31.054,,-13970.8147,7442.2208,6528.6653
0:00:31.056,,-13974.8187,7457.2358,6517.5113
0:00:31.058,,-13900.7446,7542.5354,6358.0663
0:00:31.060,,-13877.1496,7532.8829,6344.1953
0:00:31.062,,-13991.8357,7389.5968,6602.3818
0:00:31.064,,-13946.0042,7395.3168,6550.6873
0:00:31.066,,-13915.4736,7409.2593,6506.3573
0:00:31.068,,-13947.2197,7441.0768,6506.1428
0:00:31.070,,-13983.6132,7432.2823,6551.4738
0:00:31.072,,-13913.7576,7512.8629,6400.8948
0:00:31.074,,-13861.4911,7566.0589,6295.5038
0:00:31.076,,-13938.4252,7489.9828,6448.5853
0:00:31.078,,-13942.0717,7461.6688,6480.3313
0:00:31.080,,-14023.9392,7359.3523,6664.5153
0:00:31.082,,-14055.1847,7342.9073,6712.2773
0:00:31.083,,-13963.8792,7382.7328,6581.2178
0:00:31.085,,-13946.9337,7393.2433,6553.8333
0:00:31.087,,-13937.6387,7414.9793,6522.8023
0:00:31.089,,-13964.0937,7397.0328,6567.2038
0:00:31.091,,-13971.1722,7415.9088,6555.3348
0:00:31.093,,-13938.8542,7500.7079,6438.2178
0:00:31.095,,-13961.0192,7509.0019,6452.1603
0:00:31.097,,-13938.1392,7545.4669,6392.6008
0:00:31.099,,-13870.6431,7595.3024,6275.1978
0:00:31.101,,-13984.1852,7444.7233,6539.6048
0:00:31.103,,-14091.1492,7266.2593,6825.0328
0:00:31.105,,-14099.8722,7256.8928,6843.1223
0:00:31.107,,-14063.9792,7345.8388,6718.2833
0:00:31.109,,-14010.9977,7427.4918,6583.5773
0:00:31.111,,-13955.2992,7491.5558,6463.8863
0:00:31.113,,-13978.4652,7509.1449,6469.3203
0:00:31.115,,-14042.8867,7463.7423,6579.2158
0:00:31.117,,-14082.6407,7412.8343,6669.7348
0:00:31.119,,-14000.3442,7436.0003,6564.2723
0:00:31.121,,-14062.6207,7389.9543,6672.7378
0:00:31.123,,-14041.8857,7399.1778,6642.7793
0:00:31.125,,-14020.5787,7431.3528,6589.3688
0:00:31.126,,-14041.2422,7393.7438,6647.6413
0:00:31.128,,-14023.0097,7382.7328,6640.3483
0:00:31.130,,-14040.9562,7412.6198,6628.4793
0:00:31.132,,-14089.7907,7404.0398,6685.8938
0:00:31.134,,-14096.6547,7424.2028,6672.5233
0:00:31.136,,-14028.8012,7501.4944,6527.1638
0:00:31.138,,-14020.4357,7506.1419,6514.1508
0:00:31.140,,-14009.7107,7484.8348,6524.7328
0:00:31.142,,-13979.7522,7487.7663,6492.1288
0:00:31.144,,-13961.3767,7516.8669,6444.5813
0:00:31.146,,-14043.1727,7420.4133,6622.8308
0:00:31.148,,-14114.5297,7332.7543,6781.7753
0:00:31.150,,-14092.0072,7405.2553,6686.8948
0:00:31.152,,-14084.9287,7437.7163,6647.2123
0:00:31.154,,-14105.5207,7405.7558,6699.8363
0:00:31.156,,-14116.2457,7395.9603,6720.2853
0:00:31.158,,-14094.3667,7449.7283,6644.4953
0:00:31.160,,-14037.4527,7479.9728,6557.3368
0:00:31.162,,-14010.0682,7482.7613,6527.4498
0:00:31.164,,-13991.9072,7490.1258,6501.9243
0:00:31.166,,-14001.4167,7452.8028,6548.6853
0:00:31.167,,-14059.9752,7404.8978,6655.1488
0:00:31.169,,-14071.4152,7435.2853,6636.1298
0:00:31.171,,-14091.4352,7422.0578,6669.5203
0:00:31.173,,-14049.8937,7481.0453,6568.8483
0:00:31.175,,-13984.9002,7572.4939,6412.5493
0:00:31.177,,-14037.6672,7501.2084,6536.3873
0:00:31.179,,-14133.5487,7398.8203,6734.6568
0:00:31.181,,-14166.5817,7356.8498,6809.8033
0:00:31.183,,-14190.0337,7332.8258,6857.2793
0:00:31.185,,-14118.8197,7332.3968,6786.5658
0:00:31.187,,-14027.4427,7400.8223,6626.7633
0:00:31.189,,-14002.4177,7465.4583,6537.0308
0:00:31.191,,-14076.2057,7435.5713,6640.7773
0:00:31.193,,-14147.5627,7407.7578,6739.8048
0:00:31.195,,-14170.5857,7402.4668,6768.1188
0:00:31.197,,-14182.6692,7346.3393,6836.2583
0:00:31.199,,-14095.7252,7375.2968,6720.4283
0:00:31.201,,-14067.9117,7425.2753,6642.7078
0:00:31.203,,-14043.8162,7428.4928,6615.4663
0:00:31.205,,-14009.4247,7456.1633,6553.4043
0:00:31.207,,-14028.0147,7478.0423,6550.0438
0:00:31.208,,-13994.4812,7478.8288,6515.7238
0:00:31.210,,-14002.4892,7493.3433,6509.2888
0:00:31.212,,-14056.5432,7488.8388,6567.7758
0:00:31.214,,-14058.0447,7547.7549,6510.2898
0:00:31.216,,-14002.7752,7594.1584,6408.5453
0:00:31.218,,-13952.8682,7573.5664,6379.1588
0:00:31.220,,-14008.6382,7457.1643,6551.4023
0:00:31.222,,-14121.2507,7334.1128,6787.2093
0:00:31.224,,-14114.6727,7339.6183,6775.0543
0:00:31.226,,-14058.0447,7390.3833,6667.6613
0:00:31.228,,-14035.6652,7417.5533,6618.1118
0:00:31.230,,-14098.5852,7394.0298,6704.5553
0:00:31.232,,-14085.0002,7419.4838,6665.5878
0:00:31.234,,-14112.8852,7409.6883,6703.3398
0:00:31.236,,-14136.5517,7411.9048,6724.7898
0:00:31.238,,-14172.2302,7363.2848,6808.8738
0:00:31.240,,-14147.5627,7368.1468,6779.2728
0:00:31.242,,-14029.3017,7478.4713,6550.9733
0:00:31.244,,-13978.0362,7529.5939,6448.5138
0:00:31.246,,-13954.7987,7523.1589,6431.7828
0:00:31.248,,-13922.4806,7566.4879,6356.0643
0:00:31.250,,-13952.5822,7541.3199,6411.4053
0:00:31.251,,-14032.0187,7483.8338,6548.1848
0:00:31.253,,-14096.8692,7468.3898,6628.5508
0:00:31.255,,-14186.9592,7402.0378,6784.9928
0:00:31.257,,-14167.5827,7403.8253,6763.6858
0:00:31.259,,-14108.5952,7379.0863,6729.4373
0:00:31.261,,-14061.5482,7382.4468,6679.2443
0:00:31.263,,-13999.4147,7423.1303,6576.3558
0:00:31.265,,-14009.4962,7430.2803,6579.3588
0:00:31.267,,-14031.7327,7418.6258,6613.1783
0:00:31.269,,-13992.9797,7439.6468,6553.3328
0:00:31.271,,-13991.7642,7453.7323,6538.0318
0:00:31.273,,-14003.6332,7522.7299,6480.9748
0:00:31.275,,-13998.5567,7525.1609,6473.5388
0:00:31.277,,-14007.6372,7509.7169,6497.8488
0:00:31.279,,-14063.6932,7405.1123,6658.4378
0:00:31.281,,-14051.6097,7358.0653,6693.6873
0:00:31.283,,-14025.2977,7380.0158,6645.4248
0:00:31.285,,-13886.3016,7522.3724,6364.0723
0:00:31.287,,-13808.0091,7581.2169,6226.7923
0:00:31.289,,-13893.6661,7479.2578,6414.4798
0:00:31.291,,-14011.3552,7390.5263,6620.8288
0:00:31.292,,-14078.8512,7365.1438,6713.7788
0:00:31.294,,-14102.0172,7355.4198,6746.6688
0:00:31.296,,-14055.6137,7402.1808,6653.3613
0:00:31.298,,-14023.0097,7399.1778,6623.7603
0:00:31.300,,-14024.7257,7394.0298,6630.6243
0:00:31.302,,-14002.4892,7409.1163,6593.3728
0:00:31.304,,-13942.9297,7465.2438,6477.7573
0:00:31.306,,-13945.7897,7464.8863,6480.9748
0:00:31.308,,-14004.4912,7389.5253,6615.0373
0:00:31.310,,-14048.6067,7343.4793,6705.1988
0:00:31.312,,-14023.5102,7386.3078,6637.2023
0:00:31.314,,-13963.0212,7491.3413,6471.6798
0:00:31.316,,-13937.0667,7536.3149,6400.8233
0:00:31.318,,-13989.7622,7499.6354,6490.0553
0:00:31.320,,-14083.2127,7400.3933,6682.6763
0:00:31.322,,-14074.7042,7353.7753,6721.0003
0:00:31.324,,-13987.6887,7416.9098,6570.8503
0:00:31.326,,-13920.3356,7496.7038,6423.6318
0:00:31.328,,-13955.9427,7498.2054,6457.7373
0:00:31.330,,-14003.8477,7494.3443,6509.5033
0:00:31.332,,-14026.6562,7509.5024,6517.1538
0:00:31.333,,-14005.6352,7551.1154,6454.5198
0:00:31.335,,-13950.2942,7605.1694,6345.1963
0:00:31.337,,-13906.1786,7626.1189,6279.9883
0:00:31.339,,-13969.4562,7541.8919,6427.4213
0:00:31.341,,-14055.5422,7479.3293,6576.2843
0:00:31.343,,-14099.8007,7447.5833,6652.2888
0:00:31.345,,-14076.3487,7449.1563,6627.1923
0:00:31.347,,-14061.3337,7393.7438,6667.7328
0:00:31.349,,-14085.6437,7405.5413,6680.1738
0:00:31.351,,-14013.8577,7553.4749,6460.4543
0:00:31.353,,-14023.3672,7578.5714,6444.7958
0:00:31.355,,-14161.9342,7468.3898,6693.6873
0:00:31.357,,-14159.5032,7433.4978,6725.8623
0:00:31.359,,-14087.1452,7468.8903,6618.2548
0:00:31.361,,-14098.7282,7458.0223,6640.7773
0:00:31.363,,-14110.3827,7444.2943,6666.0883
0:00:31.365,,-14033.5917,7494.2728,6539.3188
0:00:31.367,,-13996.6977,7490.6978,6505.9998
0:00:31.369,,-14041.5997,7439.0748,6602.5963
0:00:31.371,,-14067.6972,7445.9388,6621.7583
0:00:31.373,,-14147.6342,7408.7588,6738.8753
0:00:31.375,,-14225.9267,7359.1378,6866.9318
0:00:31.376,,-14224.4252,7346.4108,6878.0143
0:00:31.378,,-14194.3237,7361.9263,6832.2543
0:00:31.380,,-14199.9722,7346.5538,6853.4183
0:00:31.382,,-14125.9697,7384.1628,6741.8068
0:00:31.384,,-14017.8617,7475.3968,6542.5363
0:00:31.386,,-14033.1627,7471.8933,6561.4123
0:00:31.388,,-14061.4052,7462.8128,6598.5923
0:00:31.390,,-14055.1132,7504.9264,6550.2583
0:00:31.392,,-14053.9692,7505.9989,6547.9703
0:00:31.394,,-14097.2982,7477.5418,6619.8993
0:00:31.396,,-14149.5647,7452.3738,6697.1908
0:00:31.398,,-14199.0427,7391.5273,6807.4438
0:00:31.400,,-14175.6622,7396.6038,6779.0583
0:00:31.402,,-14076.4917,7483.6908,6592.8008
0:00:31.404,,-14047.1052,7464.6718,6582.5763
0:00:31.406,,-14050.0367,7451.1583,6598.9498
0:00:31.408,,-14091.0777,7446.0103,6645.1388
0:00:31.410,,-14130.9032,7422.9873,6707.9873
0:00:31.412,,-14185.3862,7405.6843,6779.7018
0:00:31.414,,-14153.2827,7497.5619,6655.7208
0:00:31.416,,-14135.4077,7497.7764,6637.7743
0:00:31.417,,-14180.3812,7447.7263,6732.5833
0:00:31.419,,-14144.8457,7436.8583,6707.8443
0:00:31.421,,-14084.4282,7420.7708,6663.6573
0:00:31.423,,-14073.1312,7395.7458,6677.4568
0:00:31.425,,-14036.1657,7447.0113,6589.2258
0:00:31.427,,-14032.8052,7473.8238,6558.9813
0:00:31.429,,-14068.5552,7462.2408,6606.3858
0:00:31.431,,-14102.0887,7486.4078,6615.6808
0:00:31.433,,-14131.6182,7428.9218,6702.7678
0:00:31.435,,-14121.5367,7427.1343,6694.4023
0:00:31.437,,-14048.2492,7529.0219,6519.2273
0:00:31.439,,-14017.4327,7539.2464,6478.1863
0:00:31.441,,-14002.9897,7494.8448,6508.1448
0:00:31.443,,-14160.0752,7311.8048,6848.3418
0:00:31.445,,-14229.7162,7215.7088,7014.1503
0:00:31.447,,-14180.4527,7249.3853,6931.0673
0:00:31.449,,-14145.4177,7267.1888,6878.3718
0:00:31.451,,-14085.6437,7304.3688,6781.4178
0:00:31.453,,-14066.1242,7347.6978,6718.4978
0:00:31.455,,-14062.9067,7346.2678,6716.7818
0:00:31.457,,-14107.4512,7305.7273,6801.6523
0:00:31.458,,-14160.9332,7270.3348,6890.5268
0:00:31.460,,-14115.0302,7350.6293,6764.5438
0:00:31.462,,-14092.0072,7365.0008,6727.0063
0:00:31.464,,-14060.4757,7374.7248,6685.8223
0:00:31.466,,-13939.2117,7500.6364,6438.6468
0:00:31.468,,-13837.9676,7636.6294,6201.4098
0:00:31.470,,-13807.9376,7692.3279,6115.6813
0:00:31.472,,-13746.0901,7712.9199,6033.2418
0:00:31.474,,-13647.0626,7749.4564,5897.6778
0:00:31.476,,-13550.6806,7855.9914,5694.6893
0:00:31.478,,-13615.8886,7897.2469,5718.5703
0:00:31.480,,-13796.3546,7970.6774,5825.6058
0:00:31.482,,-13911.5411,8026.6619,5884.9508
0:00:31.484,,-13905.2491,8025.7324,5879.5883
0:00:31.486,,-13966.7392,7938.9314,6027.9508
0:00:31.488,,-14165.0802,7719.4979,6445.5823
0:00:31.490,,-14285.7722,7558.6944,6727.0778
0:00:31.492,,-14341.4707,7568.7044,6772.9093
0:00:31.494,,-14421.6222,7633.1259,6788.6393
0:00:31.496,,-14377.2207,7777.5559,6599.8078
0:00:31.498,,-14290.5627,7868.4324,6421.9873
0:00:31.500,,-14322.3802,7801.1509,6521.2293
0:00:31.501,,-14313.0137,7769.6909,6543.3943
0:00:31.503,,-14285.5577,7720.9994,6564.5583
0:00:31.505,,-14230.2882,7691.2554,6539.0328
0:00:31.507,,-14237.2237,7651.0724,6586.2943
0:00:31.509,,-14171.0862,7688.0379,6483.1913
0:00:31.511,,-14213.2712,7672.6654,6540.6058
0:00:31.513,,-14314.7297,7564.7004,6750.1008
0:00:31.515,,-14351.0517,7529.3079,6821.8868
0:00:31.517,,-14265.1087,7520.4419,6744.5238
0:00:31.519,,-14153.4257,7531.9534,6621.3293
0:00:31.521,,-14044.8887,7640.9909,6403.9693
0:00:31.523,,-14022.5092,7603.6679,6418.8413
0:00:31.525,,-14098.1562,7480.4733,6617.8258
0:00:31.527,,-14133.4057,7383.5908,6749.8148
0:00:31.529,,-14174.9472,7335.3998,6839.6903
0:00:31.531,,-14192.4647,7344.4803,6848.0558
0:00:31.533,,-14204.4052,7381.6603,6822.7448
0:00:31.535,,-14207.5512,7400.8223,6806.7288
0:00:31.537,,-14221.7082,7380.3733,6841.2633
0:00:31.539,,-14171.3007,7413.1203,6758.1803
0:00:31.541,,-14075.7767,7444.7233,6631.1248
0:00:31.542,,-14095.9397,7398.6058,6697.4768
0:00:31.544,,-14105.1632,7408.6158,6696.5473
0:00:31.546,,-14066.2672,7429.7798,6636.6303
0:00:31.548,,-14041.2422,7454.3043,6586.9378
0:00:31.550,,-14064.0507,7439.0033,6625.0473
0:00:31.552,,-14045.2462,7496.5608,6548.8283
0:00:31.554,,-13969.7422,7601.5944,6368.2908
0:00:31.556,,-14019.1487,7582.7899,6436.2158
0:00:31.558,,-14106.4502,7441.7203,6664.7298
0:00:31.560,,-14089.3617,7430.7093,6658.5093
0:00:31.562,,-14040.7417,7439.0033,6601.8813
0:00:31.564,,-13960.9477,7459.9528,6500.9948
0:00:31.566,,-13989.6907,7458.5228,6531.1678
0:00:31.568,,-13994.6957,7487.0513,6507.7158
0:00:31.570,,-14055.1847,7430.4233,6624.8328
0:00:31.572,,-14180.0952,7365.2153,6815.0228
0:00:31.574,,-14194.1092,7374.5818,6819.6703
0:00:31.576,,-14127.2567,7438.6458,6688.6823
0:00:31.578,,-14122.8237,7421.5573,6701.1233
0:00:31.580,,-14162.1487,7374.5818,6787.5668
0:00:31.582,,-14175.5192,7325.6043,6849.9863
0:00:31.583,,-14104.0192,7355.8488,6748.2418
0:00:31.585,,-14024.5112,7450.0143,6574.4968
0:00:31.587,,-14028.5152,7450.9438,6577.6428
0:00:31.589,,-14043.7447,7482.1178,6561.6268
0:00:31.591,,-14039.0257,7484.7633,6554.3338
0:00:31.593,,-14022.5807,7490.6978,6532.0258
0:00:31.595,,-14012.5707,7524.6604,6487.9818
0:00:31.597,,-14016.5747,7491.6988,6524.8758
0:00:31.599,,-14047.9632,7467.3888,6580.5743
0:00:31.601,,-14076.8492,7415.7658,6661.1548
0:00:31.603,,-14095.7967,7364.4288,6731.3678
0:00:31.605,,-14081.7827,7365.0723,6716.8533
0:00:31.607,,-14064.5512,7398.7488,6665.9453
0:00:31.609,,-14090.7917,7394.6018,6696.3328
0:00:31.611,,-14126.3272,7394.4588,6732.0113
0:00:31.613,,-14072.7737,7449.5138,6623.2598
0:00:31.615,,-14012.5707,7473.4663,6539.1758
0:00:31.617,,-13988.9042,7525.8044,6462.9568
0:00:31.619,,-14093.2227,7407.0428,6686.1798
0:00:31.621,,-14108.3807,7373.3663,6735.0858
0:00:31.623,,-14067.9832,7404.2543,6663.8718
0:00:31.625,,-14047.7487,7431.8533,6616.0383
0:00:31.626,,-13999.6292,7468.7473,6530.9533
0:00:31.628,,-13980.6102,7479.2578,6501.4953
0:00:31.630,,-14014.0007,7442.4353,6571.5653
0:00:31.632,,-14018.7912,7459.1663,6559.6963
0:00:31.634,,-14047.1052,7444.0083,6603.2398
0:00:31.636,,-14072.7022,7432.0678,6640.4913
0:00:31.638,,-14100.5157,7396.5323,6703.9118
0:00:31.640,,-14097.9417,7375.0108,6722.9308
0:00:31.642,,-14092.6507,7353.2748,6739.5188
0:00:31.644,,-14032.0187,7412.1908,6619.8993
0:00:31.646,,-13958.9457,7502.4239,6456.6648
0:00:31.648,,-13949.4362,7475.1108,6474.4683
0:00:31.650,,-13985.8297,7464.2428,6521.5868
0:00:31.652,,-14020.9362,7462.2408,6558.6953
0:00:31.654,,-14024.7257,7473.1803,6551.5453
0:00:31.656,,-14006.4217,7471.2498,6535.2433
0:00:31.658,,-13976.7492,7498.9919,6477.6143
0:00:31.660,,-14008.3522,7455.1623,6553.0468
0:00:31.662,,-13991.5497,7435.7143,6555.8353
0:00:31.664,,-13920.6216,7476.8983,6443.7948
0:00:31.666,,-13874.5041,7513.2919,6361.2838
0:00:31.667,,-13937.9962,7435.3568,6502.6393
0:00:31.669,,-13950.2227,7465.2438,6485.0503
0:00:31.671,,-14014.2152,7442.5068,6571.8513
0:00:31.673,,-14065.9812,7421.8433,6644.2093
0:00:31.675,,-14091.0062,7363.8568,6727.2923
0:00:31.677,,-14056.8292,7390.5978,6666.0883
0:00:31.679,,-13976.6777,7459.9528,6516.7248
0:00:31.681,,-13897.8846,7510.5749,6387.3813
0:00:31.683,,-13897.5986,7485.2638,6412.3348
0:00:31.685,,-13865.3521,7491.9848,6373.5103
0:00:31.687,,-13859.8466,7462.5983,6397.3198
0:00:31.689,,-13874.6471,7469.1048,6405.5423
0:00:31.691,,-13887.3741,7508.7159,6378.7298
0:00:31.693,,-13936.4232,7496.2033,6440.2913
0:00:31.695,,-13991.2637,7453.5178,6537.8888
0:00:31.697,,-14004.0622,7426.3478,6577.6428
0:00:31.699,,-13983.3987,7455.0908,6528.1648
0:00:31.701,,-13967.4542,7445.2238,6522.3733
0:00:31.703,,-13928.4152,7450.9438,6477.4713
0:00:31.705,,-13971.5297,7414.1928,6557.3368
0:00:31.707,,-13984.9002,7409.5453,6575.4978
0:00:31.708,,-13967.3827,7396.3893,6571.0648
0:00:31.710,,-14015.3592,7413.9068,6601.4523
0:00:31.712,,-14068.3407,7434.2843,6634.1993
0:00:31.714,,-14099.8007,7415.6228,6684.1778
0:00:31.716,,-14026.1557,7434.0698,6592.0143
0:00:31.718,,-14002.2032,7450.1573,6552.0458
0:00:31.720,,-13971.2437,7441.0768,6530.0953
0:00:31.722,,-13971.4582,7424.3458,6547.1123
0:00:31.724,,-13978.3937,7418.8403,6559.6248
0:00:31.726,,-13998.9857,7400.3218,6598.7353
0:00:31.728,,-13980.3957,7436.2148,6544.3238
0:00:31.730,,-13947.3627,7502.5669,6444.9388
0:00:31.732,,-14023.7247,7420.6993,6603.0253
0:00:31.734,,-14076.2772,7381.2313,6695.1173
0:00:31.736,,-14031.6612,7461.4543,6570.2068
0:00:31.738,,-14030.3742,7443.8653,6586.3658
0:00:31.740,,-14044.1737,7408.3298,6635.7723
0:00:31.742,,-14011.0692,7445.0808,6566.1313
0:00:31.744,,-13979.3232,7469.9628,6509.5033
0:00:31.746,,-13941.8572,7489.5538,6452.3033
0:00:31.748,,-13996.1257,7447.7263,6548.3993
0:00:31.750,,-14061.7627,7402.2523,6659.6533
0:00:31.751,,-14087.1452,7398.0338,6689.1828
0:00:31.753,,-14140.0552,7396.3178,6743.8088
0:00:31.755,,-14138.7682,7430.5663,6708.2733
0:00:31.757,,-14115.3877,7415.4798,6699.9078
0:00:31.759,,-14092.9367,7415.4798,6677.3138
0:00:31.761,,-14037.7387,7439.3608,6598.5208
0:00:31.763,,-14004.7772,7440.8623,6563.9863
0:00:31.765,,-14004.7772,7432.5683,6572.2803
0:00:31.767,,-14023.4387,7426.7768,6596.8048
0:00:31.769,,-14052.7537,7417.2673,6635.6293
0:00:31.771,,-14081.3537,7422.4868,6658.9383
0:00:31.773,,-14090.7202,7397.8193,6692.9723
0:00:31.775,,-14031.5897,7449.9428,6581.7898
0:00:31.777,,-14046.5332,7438.5743,6607.8158
0:00:31.779,,-14115.3877,7375.5828,6739.7333
0:00:31.781,,-14102.3032,7380.5163,6721.9298
0:00:31.783,,-14074.3467,7416.2663,6658.2233
0:00:31.785,,-14044.8172,7411.2613,6633.5558
0:00:31.787,,-14005.2062,7434.2128,6571.0648
0:00:31.789,,-14024.4397,7434.4273,6590.0838
0:00:31.791,,-14074.0607,7398.6058,6675.5978
0:00:31.792,,-14082.4262,7411.1898,6671.3793
0:00:31.794,,-14056.6147,7472.6798,6583.9348
0:00:31.796,,-14039.2402,7484.4773,6554.6913
0:00:31.798,,-14063.8362,7462.4553,6601.2378
0:00:31.800,,-14086.1442,7428.7788,6657.2938
0:00:31.802,,-14045.3177,7412.2623,6633.1983
0:00:31.804,,-14037.5242,7423.8453,6613.8218
0:00:31.806,,-14077.1352,7415.1938,6662.0128
0:00:31.808,,-14023.7247,7392.4568,6631.2678
0:00:31.810,,-14016.5032,7412.1193,6604.5268
0:00:31.812,,-14017.2897,7466.1018,6551.2593
0:00:31.814,,-14044.3167,7484.8348,6559.6248
0:00:31.816,,-14080.2097,7484.7633,6595.5893
0:00:31.818,,-14086.2872,7450.8723,6635.3433
0:00:31.820,,-14044.1022,7416.6238,6627.4068
0:00:31.822,,-14073.0597,7374.3673,6698.7638
0:00:31.824,,-14080.4957,7359.6383,6720.9288
0:00:31.826,,-14049.6077,7401.6803,6648.0703
0:00:31.828,,-14055.7567,7430.1373,6625.6908
0:00:31.830,,-14095.0102,7414.9078,6680.1738
0:00:31.832,,-14118.6052,7392.6713,6726.0768
0:00:31.833,,-14117.1752,7376.2263,6740.9488
0:00:31.835,,-14095.7967,7401.8948,6694.0448
0:00:31.837,,-14034.0207,7483.9053,6550.1153
0:00:31.839,,-14038.0962,7446.8683,6591.1563
0:00:31.841,,-14035.8797,7430.2088,6605.7423
0:00:31.843,,-14010.5687,7449.8713,6560.8403
0:00:31.845,,-14007.4942,7480.6878,6526.9493
0:00:31.847,,-13988.9042,7491.4128,6497.6343
0:00:31.849,,-14036.8092,7415.3368,6621.5438
0:00:31.851,,-14081.9972,7395.0308,6686.9663
0:00:31.853,,-14134.8357,7343.2648,6791.6423
0:00:31.855,,-14113.0997,7394.8163,6718.4263
0:00:31.857,,-14095.4392,7417.7678,6677.5283
0:00:31.859,,-14054.8987,7449.6568,6605.2418
0:00:31.861,,-14037.0952,7446.3678,6590.7988
0:00:31.863,,-14128.4722,7337.5448,6790.9988
0:00:31.865,,-14048.7497,7414.1213,6634.7713
0:00:31.867,,-13970.7432,7481.8318,6488.9113
0:00:31.869,,-13963.3072,7497.9909,6465.3163
0:00:31.871,,-14009.7107,7490.3403,6519.3703
0:00:31.873,,-14080.7817,7441.2913,6639.6333
0:00:31.875,,-14124.4682,7380.3018,6744.2378
0:00:31.876,,-14102.4462,7408.7588,6693.6873
0:00:31.878,,-14073.0597,7440.1473,6632.9123
0:00:31.880,,-14045.5322,7456.2348,6589.2258
0:00:31.882,,-13970.7432,7472.9658,6497.7773
0:00:31.884,,-13953.2972,7509.0019,6444.3668
0:00:31.886,,-13996.1972,7477.8993,6518.2978
0:00:31.888,,-13937.9247,7450.8008,6487.1238
0:00:31.890,,-14017.5757,7391.0983,6626.6203
0:00:31.892,,-14144.2737,7313.4493,6830.9673
0:00:31.894,,-14097.4412,7366.5023,6731.0818
0:00:31.896,,-14047.0337,7414.7648,6632.3403
0:00:31.898,,-13976.1057,7484.0483,6491.9143
0:00:31.900,,-13938.7112,7473.2518,6465.4593
0:00:31.902,,-13982.3977,7422.5583,6559.8393
0:00:31.904,,-14044.4597,7363.3563,6681.1748
0:00:31.906,,-14007.6372,7407.8293,6599.9508
0:00:31.908,,-13971.7442,7429.6368,6542.1073
0:00:31.910,,-13961.1622,7402.8958,6558.3378
0:00:31.912,,-13986.4732,7437.7878,6548.6853
0:00:31.914,,-14024.7257,7397.3188,6627.4068
0:00:31.916,,-14043.0297,7353.9183,6689.1113
0:00:31.917,,-14039.0972,7355.3483,6683.7488
0:00:31.919,,-13986.2587,7406.1133,6580.0023
0:00:31.921,,-13966.5247,7459.3808,6507.2153
0:00:31.923,,-13969.7422,7414.1213,6555.6923
0:00:31.925,,-13985.9012,7373.0088,6612.9638
0:00:31.927,,-13955.7282,7413.2633,6542.6078
0:00:31.929,,-13956.1572,7395.0308,6561.1263
0:00:31.931,,-13967.5257,7419.6268,6547.9703
0:00:31.933,,-13994.6242,7419.1263,6575.4978
0:00:31.935,,-14008.2092,7425.2038,6583.0053
0:00:31.937,,-13965.0232,7488.8388,6476.1128
0:00:31.939,,-13947.5057,7514.0784,6433.3558
0:00:31.941,,-13995.5537,7468.5328,6527.1638
0:00:31.943,,-13996.6262,7427.1343,6569.4918
0:00:31.945,,-13975.1762,7420.3418,6554.9773
0:00:31.947,,-13963.5932,7465.8158,6497.7773
0:00:31.949,,-13949.9367,7511.7904,6438.2178
0:00:31.951,,-13974.8187,7546.4679,6428.3508
0:00:31.953,,-14031.7327,7517.3674,6514.4368
0:00:31.955,,-14071.3437,7447.2973,6624.1178
0:00:31.957,,-14093.0797,7414.1213,6678.9583
0:00:31.958,,-14073.3457,7435.7143,6637.6313
0:00:31.960,,-14074.9187,7429.1363,6645.6393
0:00:31.962,,-14056.4002,7446.5823,6609.9608
0:00:31.964,,-14037.4527,7470.0343,6567.5613
0:00:31.966,,-14035.0217,7491.0553,6543.9663
0:00:31.968,,-14061.5482,7478.8288,6582.8623
0:00:31.970,,-14114.3867,7444.5088,6669.9493
0:00:31.972,,-14108.3092,7468.1038,6640.2053
0:00:31.974,,-14069.0557,7528.2354,6540.9633
0:00:31.976,,-14068.4837,7527.3774,6541.1778
0:00:31.978,,-14134.2637,7429.7083,6704.5553
0:00:31.980,,-14143.4872,7427.7063,6715.6378
0:00:31.982,,-14099.8007,7451.6588,6648.2848
0:00:31.984,,-14061.7627,7440.8623,6621.0433
0:00:31.986,,-14049.6792,7468.3183,6581.3608
0:00:31.988,,-14015.4307,7472.8228,6542.6793
0:00:31.990,,-14000.5587,7511.0039,6489.6263
0:00:31.992,,-14097.5127,7431.6388,6665.8738
0:00:31.994,,-14181.7397,7365.5013,6816.3813
0:00:31.996,,-14166.0812,7402.9673,6763.1138
0:00:31.998,,-14127.1852,7403.3963,6723.7173
0:00:32.000,,-14082.8552,7439.2893,6643.4943

